inscription_id,dsId,page
B 1,ATTACHMENT-0023,1
B 2,ATTACHMENT-0024,2
B 3,ATTACHMENT-0024,2
B 4,ATTACHMENT-0024,2
B 5,ATTACHMENT-0024,2
B 6,ATTACHMENT-0024,2
B 7,ATTACHMENT-0025,3
B 8,ATTACHMENT-0025,3
B 9,ATTACHMENT-0025,3
B 10,ATTACHMENT-0026,4
B 11,ATTACHMENT-0026,4
B 12,ATTACHMENT-0026,4
B 13,ATTACHMENT-0026,4
B 14,ATTACHMENT-0027,5
B 15,ATTACHMENT-0027,5
B 16,ATTACHMENT-0027,5
B 17,ATTACHMENT-0027,5
B 18,ATTACHMENT-0027,5
B 19,ATTACHMENT-0028,6
B 20,ATTACHMENT-0028,6
B 21,ATTACHMENT-0028,6
B 22,ATTACHMENT-0029,7
B 23,ATTACHMENT-0029,7
B 24,ATTACHMENT-0029,7
B 25,ATTACHMENT-0030,8
B 26,ATTACHMENT-0030,8
B 27,ATTACHMENT-0030,8
B 28,ATTACHMENT-0031,9
B 29,ATTACHMENT-0031,9
B 30,ATTACHMENT-0031,9
B 31,ATTACHMENT-0031,9
B 32,ATTACHMENT-0032,10
B 33,ATTACHMENT-0032,10
B 34,ATTACHMENT-0032,10
B 35,ATTACHMENT-0032,10
B 36,ATTACHMENT-0033,11
B 37,ATTACHMENT-0033,11
B 38,ATTACHMENT-0033,11
B 39,ATTACHMENT-0034,12
B 40,ATTACHMENT-0034,12
B 41,ATTACHMENT-0035,13
B 42,ATTACHMENT-0035,13
B 43,ATTACHMENT-0035,13
B 44,ATTACHMENT-0035,13
B 45,ATTACHMENT-0036,14
B 46,ATTACHMENT-0036,14
B 47,ATTACHMENT-0036,14
B 48,ATTACHMENT-0036,14
B 49,ATTACHMENT-0036,14
B 50,ATTACHMENT-0037,15
B 51,ATTACHMENT-0037,15
B 52,ATTACHMENT-0037,15
B 53,ATTACHMENT-0037,15
B 54,ATTACHMENT-0038,16
B 55,ATTACHMENT-0039,17
B 56,ATTACHMENT-0039,17
B 57,ATTACHMENT-0039,17
B 58,ATTACHMENT-0039,17
B 59,ATTACHMENT-0040,18
B 60,ATTACHMENT-0040,18
B 61,ATTACHMENT-0040,18
B 62,ATTACHMENT-0041,19
B 63,ATTACHMENT-0041,19
B 64,ATTACHMENT-0041,19
B 65,ATTACHMENT-0041,19
B 66,ATTACHMENT-0042,20
B 67,ATTACHMENT-0042,20
B 68,ATTACHMENT-0042,20
B 69,ATTACHMENT-0042,20
B 70,ATTACHMENT-0043,21
B 71,ATTACHMENT-0043,21
B 72,ATTACHMENT-0044,22
B 73,ATTACHMENT-0044,22
B 74,ATTACHMENT-0044,22
B 77,ATTACHMENT-0045,23
B 78,ATTACHMENT-0045,23
B 79,ATTACHMENT-0045,23
B 80,ATTACHMENT-0045,23
B 81,ATTACHMENT-0045,23
B 82,ATTACHMENT-0045,23
B 83,ATTACHMENT-0046,24
B 84,ATTACHMENT-0046,24
B 85,ATTACHMENT-0046,24
B 86,ATTACHMENT-0046,24
B 87,ATTACHMENT-0047,25
B 88,ATTACHMENT-0047,25
B 89,ATTACHMENT-0047,25
B 90,ATTACHMENT-0047,25
B 91,ATTACHMENT-0048,26
B 92,ATTACHMENT-0048,26
B 93,ATTACHMENT-0048,26
B 94,ATTACHMENT-0048,26
B 95,ATTACHMENT-0048,26
B 96,ATTACHMENT-0049,27
B 97,ATTACHMENT-0049,27
B 98,ATTACHMENT-0049,27
B 99,ATTACHMENT-0050,28
B 100,ATTACHMENT-0050,28
B 101,ATTACHMENT-0051,29
B 102,ATTACHMENT-0051,29
B 103,ATTACHMENT-0052,30
B 104,ATTACHMENT-0052,30
B 105,ATTACHMENT-0052,30
B 106,ATTACHMENT-0052,30
B 107,ATTACHMENT-0053,31
B 108,ATTACHMENT-0053,31
B 109,ATTACHMENT-0053,31
B 110,ATTACHMENT-0053,31
B 111,ATTACHMENT-0054,32
B 112,ATTACHMENT-0054,32
B 113,ATTACHMENT-0054,32
B 114,ATTACHMENT-0054,32
B 115,ATTACHMENT-0055,33
B 116,ATTACHMENT-0055,33
B 117,ATTACHMENT-0055,33
B 118,ATTACHMENT-0055,33
B 119,ATTACHMENT-0056,34
B 120,ATTACHMENT-0056,34
B 121,ATTACHMENT-0056,34
B 122,ATTACHMENT-0056,34
B 123,ATTACHMENT-0056,34
B 124,ATTACHMENT-0057,35
B 125,ATTACHMENT-0057,35
B 126,ATTACHMENT-0057,35
B 127,ATTACHMENT-0058,36
B 128,ATTACHMENT-0058,36
B 129,ATTACHMENT-0058,36
B 130,ATTACHMENT-0058,36
B 131,ATTACHMENT-0059,37
B 132,ATTACHMENT-0059,37
B 133,ATTACHMENT-0059,37
B 134,ATTACHMENT-0059,37
B 135,ATTACHMENT-0060,38
B 136,ATTACHMENT-0060,38
B 137,ATTACHMENT-0060,38
B 138,ATTACHMENT-0061,39
B 139,ATTACHMENT-0061,39
B 140,ATTACHMENT-0061,39
B 141,ATTACHMENT-0062,40
B 142,ATTACHMENT-0062,40
B 143,ATTACHMENT-0062,40
B 144,ATTACHMENT-0062,40
B 145,ATTACHMENT-0063,41
B 146,ATTACHMENT-0063,41
B 147,ATTACHMENT-0063,41
B 148,ATTACHMENT-0064,42
B 149,ATTACHMENT-0064,42
B 150,ATTACHMENT-0064,42
B 151,ATTACHMENT-0065,43
B 152,ATTACHMENT-0065,43
B 153,ATTACHMENT-0065,43
B 154,ATTACHMENT-0066,44
B 155,ATTACHMENT-0066,44
B 156,ATTACHMENT-0066,44
B 157,ATTACHMENT-0066,44
B 158,ATTACHMENT-0067,45
B 159,ATTACHMENT-0067,45
B 160,ATTACHMENT-0067,45
B 161,ATTACHMENT-0068,46
B 162,ATTACHMENT-0068,46
B 163,ATTACHMENT-0068,46
B 164,ATTACHMENT-0068,46
B 165,ATTACHMENT-0069,47
B 166,ATTACHMENT-0070,48
B 167,ATTACHMENT-0071,49
B 168,ATTACHMENT-0071,49
B 169,ATTACHMENT-0071,49
B 170,ATTACHMENT-0071,49
B 171,ATTACHMENT-0072,50
B 172,ATTACHMENT-0072,50
B 173,ATTACHMENT-0072,50
B 174,ATTACHMENT-0072,50
B 175,ATTACHMENT-0073,51
B 176,ATTACHMENT-0073,51
B 177,ATTACHMENT-0073,51
B 178,ATTACHMENT-0073,51
B 179,ATTACHMENT-0074,52
B 180,ATTACHMENT-0074,52
B 181,ATTACHMENT-0074,52
B 182,ATTACHMENT-0074,52
B 183,ATTACHMENT-0075,53
B 184,ATTACHMENT-0075,53
B 185,ATTACHMENT-0075,53
B 186,ATTACHMENT-0075,53
B 187,ATTACHMENT-0076,54
B 188,ATTACHMENT-0076,54
B 189,ATTACHMENT-0076,54
B 190,ATTACHMENT-0076,54
B 191,ATTACHMENT-0077,55
B 192,ATTACHMENT-0077,55
B 193,ATTACHMENT-0077,55
B 194,ATTACHMENT-0077,55
B 195,ATTACHMENT-0078,56
B 196,ATTACHMENT-0078,56
B 197,ATTACHMENT-0079,57
B 198,ATTACHMENT-0079,57
B 199,ATTACHMENT-0079,57
B 200,ATTACHMENT-0080,58
B 201,ATTACHMENT-0080,58
B 202,ATTACHMENT-0080,58
B 203,ATTACHMENT-0080,58
B 204,ATTACHMENT-0081,59
B 205,ATTACHMENT-0081,59
B 206,ATTACHMENT-0081,59
B 207,ATTACHMENT-0081,59
B 208,ATTACHMENT-0082,60
B 209,ATTACHMENT-0082,60
B 210,ATTACHMENT-0082,60
B 211,ATTACHMENT-0083,61
B 212,ATTACHMENT-0083,61
B 213,ATTACHMENT-0083,61
B 214,ATTACHMENT-0084,62
B 215,ATTACHMENT-0084,62
B 216,ATTACHMENT-0085,63
B 217,ATTACHMENT-0085,63
B 218,ATTACHMENT-0085,63
B 219,ATTACHMENT-0085,63
B 220,ATTACHMENT-0086,64
B 221,ATTACHMENT-0086,64
B 222,ATTACHMENT-0086,64
B 223,ATTACHMENT-0087,65
B 224,ATTACHMENT-0087,65
B 225,ATTACHMENT-0087,65
B 226,ATTACHMENT-0088,66
B 227,ATTACHMENT-0088,66
B 228,ATTACHMENT-0089,67
B 229,ATTACHMENT-0089,67
B 230,ATTACHMENT-0089,67
B 231,ATTACHMENT-0089,67
B 232,ATTACHMENT-0090,68
B 233,ATTACHMENT-0090,68
B 234,ATTACHMENT-0091,69
B 235,ATTACHMENT-0091,69
B 236,ATTACHMENT-0091,69
B 237,ATTACHMENT-0091,69
B 238,ATTACHMENT-0092,70
B 239,ATTACHMENT-0092,70
B 240,ATTACHMENT-0092,70
B 241,ATTACHMENT-0092,70
B 242,ATTACHMENT-0093,71
B 243,ATTACHMENT-0093,71
B 244,ATTACHMENT-0093,71
B 245,ATTACHMENT-0094,72
B 246,ATTACHMENT-0094,72
B 247,ATTACHMENT-0094,72
B 248,ATTACHMENT-0094,72
B 249,ATTACHMENT-0095,73
B 250,ATTACHMENT-0095,73
B 251,ATTACHMENT-0095,73
B 252,ATTACHMENT-0095,73
B 253,ATTACHMENT-0095,73
B 254,ATTACHMENT-0096,74
B 255,ATTACHMENT-0096,74
B 256,ATTACHMENT-0096,74
B 257,ATTACHMENT-0097,75
B 258,ATTACHMENT-0097,75
B 259,ATTACHMENT-0097,75
B 260,ATTACHMENT-0097,75
B 261,ATTACHMENT-0097,75
B 262,ATTACHMENT-0097,75
B 263,ATTACHMENT-0098,76
B 264,ATTACHMENT-0098,76
B 265,ATTACHMENT-0098,76
B 266,ATTACHMENT-0098,76
B 267,ATTACHMENT-0099,77
B 268,ATTACHMENT-0099,77
B 269,ATTACHMENT-0099,77
B 270,ATTACHMENT-0099,77
B 271,ATTACHMENT-0100,78
B 272,ATTACHMENT-0100,78
B 273,ATTACHMENT-0100,78
B 274,ATTACHMENT-0100,78
B 275,ATTACHMENT-0101,79
B 276,ATTACHMENT-0101,79
B 277,ATTACHMENT-0101,79
B 278,ATTACHMENT-0102,80
B 279,ATTACHMENT-0102,80
B 280,ATTACHMENT-0103,81
B 281,ATTACHMENT-0103,81
B 282,ATTACHMENT-0103,81
B 283,ATTACHMENT-0103,81
B 284,ATTACHMENT-0104,82
B 285,ATTACHMENT-0104,82
B 286,ATTACHMENT-0104,82
B 287,ATTACHMENT-0104,82
B 288,ATTACHMENT-0105,83
B 289,ATTACHMENT-0105,83
B 290,ATTACHMENT-0105,83
B 291,ATTACHMENT-0105,83
B 292,ATTACHMENT-0106,84
B 293,ATTACHMENT-0106,84
B 294,ATTACHMENT-0106,84
B 295,ATTACHMENT-0107,85
B 296,ATTACHMENT-0107,85
B 297,ATTACHMENT-0107,85
B 298,ATTACHMENT-0107,85
B 299,ATTACHMENT-0108,86
B 300,ATTACHMENT-0108,86
B 301,ATTACHMENT-0109,87
B 302,ATTACHMENT-0109,87
B 303,ATTACHMENT-0109,87
B 304,ATTACHMENT-0109,87
B 305,ATTACHMENT-0110,88
B 306,ATTACHMENT-0110,88
B 307,ATTACHMENT-0110,88
B 308,ATTACHMENT-0111,89
B 309,ATTACHMENT-0111,89
B 310,ATTACHMENT-0111,89
B 311,ATTACHMENT-0112,90
B 312,ATTACHMENT-0112,90
B 313,ATTACHMENT-0112,90
B 314,ATTACHMENT-0112,90
B 315,ATTACHMENT-0113,91
B 316,ATTACHMENT-0113,91
B 317,ATTACHMENT-0113,91
B 318,ATTACHMENT-0113,91
B 319,ATTACHMENT-0113,91
B 320,ATTACHMENT-0114,92
B 321,ATTACHMENT-0114,92
B 322,ATTACHMENT-0114,92
B 323,ATTACHMENT-0114,92
B 324,ATTACHMENT-0115,93
B 325,ATTACHMENT-0115,93
B 326,ATTACHMENT-0115,93
B 327,ATTACHMENT-0115,93
B 328,ATTACHMENT-0116,94
B 329,ATTACHMENT-0116,94
B 330,ATTACHMENT-0116,94
B 331,ATTACHMENT-0117,95
B 332,ATTACHMENT-0117,95
B 333,ATTACHMENT-0117,95
B 334,ATTACHMENT-0118,96
B 335,ATTACHMENT-0118,96
B 336,ATTACHMENT-0118,96
B 337,ATTACHMENT-0118,96
B 338,ATTACHMENT-0119,97
B 339,ATTACHMENT-0119,97
B 340,ATTACHMENT-0119,97
B 341,ATTACHMENT-0119,97
B 342,ATTACHMENT-0120,98
B 343,ATTACHMENT-0120,98
B 344,ATTACHMENT-0120,98
B 345,ATTACHMENT-0120,98
B 346,ATTACHMENT-0121,99
B 347,ATTACHMENT-0121,99
B 348,ATTACHMENT-0121,99
B 349,ATTACHMENT-0121,99
B 350,ATTACHMENT-0122,100
B 351,ATTACHMENT-0122,100
B 352,ATTACHMENT-0122,100
B 353,ATTACHMENT-0122,100
B 354,ATTACHMENT-0123,101
B 355,ATTACHMENT-0123,101
B 356,ATTACHMENT-0123,101
B 357,ATTACHMENT-0123,101
B 358,ATTACHMENT-0123,101
B 359,ATTACHMENT-0124,102
B 360,ATTACHMENT-0124,102
B 361,ATTACHMENT-0124,102
B 362,ATTACHMENT-0125,103
B 363,ATTACHMENT-0125,103
B 364,ATTACHMENT-0125,103
B 365,ATTACHMENT-0126,104
B 366,ATTACHMENT-0126,104
B 367,ATTACHMENT-0126,104
B 368,ATTACHMENT-0126,104
B 370,ATTACHMENT-0127,105
B 371,ATTACHMENT-0127,105
B 372,ATTACHMENT-0128,106
B 373,ATTACHMENT-0128,106
B 374,ATTACHMENT-0128,106
B 375,ATTACHMENT-0129,107
B 376,ATTACHMENT-0129,107
B 377,ATTACHMENT-0129,107
B 378,ATTACHMENT-0131,108-109
B 379,ATTACHMENT-0133,110
B 380,ATTACHMENT-0133,110
B 381,ATTACHMENT-0133,110
B 382,ATTACHMENT-0133,110
B 383,ATTACHMENT-0134,111
B 384,ATTACHMENT-0134,111
B 385,ATTACHMENT-0135,112
B 386,ATTACHMENT-0135,112
B 387,ATTACHMENT-0136,113
B 388,ATTACHMENT-0136,113
B 389,ATTACHMENT-0136,113
B 390,ATTACHMENT-0137,114
B 391,ATTACHMENT-0137,114
B 392,ATTACHMENT-0137,114
B 393,ATTACHMENT-0138,115
B 394,ATTACHMENT-0138,115
B 395,ATTACHMENT-0138,115
B 396,ATTACHMENT-0138,115
B 397,ATTACHMENT-0139,116
B 398,ATTACHMENT-0139,116
B 399,ATTACHMENT-0139,116
B 400,ATTACHMENT-0139,116
B 401,ATTACHMENT-0139,116
B 402,ATTACHMENT-0139,116
B 403,ATTACHMENT-0140,117
B 404,ATTACHMENT-0140,117
B 405,ATTACHMENT-0141,118
B 406,ATTACHMENT-0141,118
B 407,ATTACHMENT-0141,118
B 408,ATTACHMENT-0142,119
B 409,ATTACHMENT-0142,119
B 410,ATTACHMENT-0142,119
B 411,ATTACHMENT-0142,119
B 412,ATTACHMENT-0143,120
B 413,ATTACHMENT-0143,120
B 414,ATTACHMENT-0143,120
B 415,ATTACHMENT-0143,120
B 416,ATTACHMENT-0144,121
B 417,ATTACHMENT-0144,121
B 418,ATTACHMENT-0144,121
B 419,ATTACHMENT-0144,121
B 420,ATTACHMENT-0144,121
B 421,ATTACHMENT-0144,121
B 422,ATTACHMENT-0145,122
B 423,ATTACHMENT-0145,122
B 424,ATTACHMENT-0145,122
B 425,ATTACHMENT-0145,122
B 426,ATTACHMENT-0146,123
B 427,ATTACHMENT-0146,123
B 428,ATTACHMENT-0146,123
B 429,ATTACHMENT-0146,123
B 430,ATTACHMENT-0147,124
B 431,ATTACHMENT-0147,124
B 432,ATTACHMENT-0147,124
B 433,ATTACHMENT-0147,124
B 434,ATTACHMENT-0148,125
B 435,ATTACHMENT-0148,125
B 436,ATTACHMENT-0148,125
B 437,ATTACHMENT-0148,125
B 438,ATTACHMENT-0149,126
B 439,ATTACHMENT-0149,126
B 440,ATTACHMENT-0149,126
B 441,ATTACHMENT-0149,126
B 442,ATTACHMENT-0150,127
B 443,ATTACHMENT-0150,127
B 444,ATTACHMENT-0150,127
B 445,ATTACHMENT-0151,128
B 446,ATTACHMENT-0151,128
B 447,ATTACHMENT-0151,128
B 448,ATTACHMENT-0151,128
B 449,ATTACHMENT-0152,129
B 450,ATTACHMENT-0152,129
B 451,ATTACHMENT-0152,129
B 452,ATTACHMENT-0152,129
B 453,ATTACHMENT-0153,130
B 454,ATTACHMENT-0153,130
B 455,ATTACHMENT-0153,130
B 456,ATTACHMENT-0154,131
B 457,ATTACHMENT-0154,131
B 458,ATTACHMENT-0154,131
B 459,ATTACHMENT-0154,131
B 460,ATTACHMENT-0155,132
B 461,ATTACHMENT-0155,132
B 462,ATTACHMENT-0155,132
B 463,ATTACHMENT-0155,132
B 464,ATTACHMENT-0156,133
B 465,ATTACHMENT-0156,133
B 466,ATTACHMENT-0156,133
B 467,ATTACHMENT-0156,133
B 468,ATTACHMENT-0156,133
B 469,ATTACHMENT-0157,134
B 470,ATTACHMENT-0157,134
B 471,ATTACHMENT-0157,134
B 472,ATTACHMENT-0157,134
B 473,ATTACHMENT-0157,134
B 474,ATTACHMENT-0158,135
B 475,ATTACHMENT-0158,135
B 476,ATTACHMENT-0158,135
B 477,ATTACHMENT-0158,135
B 478,ATTACHMENT-0158,135
B 479,ATTACHMENT-0159,136
B 480,ATTACHMENT-0159,136
B 481,ATTACHMENT-0159,136
B 482,ATTACHMENT-0159,136
B 483,ATTACHMENT-0159,136
B 484,ATTACHMENT-0160,137
B 485,ATTACHMENT-0160,137
B 486,ATTACHMENT-0160,137
B 487,ATTACHMENT-0160,137
B 488,ATTACHMENT-0160,137
B 489,ATTACHMENT-0161,138
B 490,ATTACHMENT-0161,138
B 491,ATTACHMENT-0161,138
B 492,ATTACHMENT-0161,138
B 493,ATTACHMENT-0162,139
B 494,ATTACHMENT-0162,139
B 495,ATTACHMENT-0162,139
B 496,ATTACHMENT-0162,139
B 497,ATTACHMENT-0162,139
B 498,ATTACHMENT-0163,140
B 499,ATTACHMENT-0163,140
B 500,ATTACHMENT-0164,141
B 501,ATTACHMENT-0164,141
B 502,ATTACHMENT-0164,141
B 503,ATTACHMENT-0164,141
B 504,ATTACHMENT-0165,142
B 505,ATTACHMENT-0165,142
B 506,ATTACHMENT-0165,142
B 507,ATTACHMENT-0166,143
B 508,ATTACHMENT-0166,143
B 509,ATTACHMENT-0166,143
B 510,ATTACHMENT-0166,143
B 511,ATTACHMENT-0167,144
B 512,ATTACHMENT-0167,144
B 513,ATTACHMENT-0167,144
B 514,ATTACHMENT-0167,144
B 515,ATTACHMENT-0167,144
B 516,ATTACHMENT-0168,145
B 517,ATTACHMENT-0168,145
B 518,ATTACHMENT-0168,145
B 519,ATTACHMENT-0168,145
B 520,ATTACHMENT-0169,146
B 521,ATTACHMENT-0169,146
B 522,ATTACHMENT-0169,146
B 523,ATTACHMENT-0169,146
B 524,ATTACHMENT-0170,147
B 525,ATTACHMENT-0170,147
B 526,ATTACHMENT-0170,147
B 527,ATTACHMENT-0171,148
B 528,ATTACHMENT-0171,148
B 529,ATTACHMENT-0172,149
B 530,ATTACHMENT-0172,149
B 531,ATTACHMENT-0172,149
B 532,ATTACHMENT-0172,149
B 533,ATTACHMENT-0173,150
B 534,ATTACHMENT-0173,150
B 535,ATTACHMENT-0173,150
B 536,ATTACHMENT-0173,150
B 537,ATTACHMENT-0174,151
B 538,ATTACHMENT-0174,151
B 539,ATTACHMENT-0174,151
B 540,ATTACHMENT-0174,151
B 541,ATTACHMENT-0175,152
B 542,ATTACHMENT-0175,152
B 543,ATTACHMENT-0175,152
B 544,ATTACHMENT-0175,152
B 545,ATTACHMENT-0175,152
B 546,ATTACHMENT-0176,153
B 547,ATTACHMENT-0176,153
B 548,ATTACHMENT-0176,153
B 549,ATTACHMENT-0176,153
B 550,ATTACHMENT-0177,154
B 551,ATTACHMENT-0177,154
B 552,ATTACHMENT-0177,154
B 553,ATTACHMENT-0178,155
B 554,ATTACHMENT-0178,155
B 555,ATTACHMENT-0179,156
B 556,ATTACHMENT-0179,156
B 557,ATTACHMENT-0179,156
B 558,ATTACHMENT-0179,156
B 559,ATTACHMENT-0180,157
B 560,ATTACHMENT-0181,158
B 561,ATTACHMENT-0181,158
B 562,ATTACHMENT-0181,158
B 563,ATTACHMENT-0182,159
B 564,ATTACHMENT-0182,159
B 565,ATTACHMENT-0182,159
B 566,ATTACHMENT-0182,159
B 567,ATTACHMENT-0183,160
B 568,ATTACHMENT-0183,160
B 569,ATTACHMENT-0183,160
B 570,ATTACHMENT-0184,161
B 571,ATTACHMENT-0184,161
B 572,ATTACHMENT-0184,161
B 573,ATTACHMENT-0185,162
B 574,ATTACHMENT-0185,162
B 575,ATTACHMENT-0185,162
B 576,ATTACHMENT-0185,162
B 577,ATTACHMENT-0185,162
B 578,ATTACHMENT-0186,163
B 579,ATTACHMENT-0186,163
B 580,ATTACHMENT-0186,163
B 581,ATTACHMENT-0186,163
B 582,ATTACHMENT-0187,164
B 583,ATTACHMENT-0187,164
B 584,ATTACHMENT-0187,164
B 585,ATTACHMENT-0188,165
B 586,ATTACHMENT-0188,165
B 587,ATTACHMENT-0188,165
B 588,ATTACHMENT-0188,165
B 589,ATTACHMENT-0189,166
B 590,ATTACHMENT-0189,166
B 591,ATTACHMENT-0189,166
B 592,ATTACHMENT-0190,167
B 593,ATTACHMENT-0190,167
B 594,ATTACHMENT-0190,167
B 595,ATTACHMENT-0190,167
B 596,ATTACHMENT-0191,168
B 597,ATTACHMENT-0191,168
B 598,ATTACHMENT-0191,168
B 599,ATTACHMENT-0191,168
B 600,ATTACHMENT-0191,168
B 601,ATTACHMENT-0191,168
B 602,ATTACHMENT-0191,168
B 603,ATTACHMENT-0192,169
B 604,ATTACHMENT-0192,169
B 605,ATTACHMENT-0193,170
B 606,ATTACHMENT-0193,170
B 607,ATTACHMENT-0194,171
B 608,ATTACHMENT-0194,171
B 609,ATTACHMENT-0194,171
B 610,ATTACHMENT-0194,171
B 611,ATTACHMENT-0194,171
B 612,ATTACHMENT-0195,172
B 613,ATTACHMENT-0195,172
B 614,ATTACHMENT-0195,172
B 615,ATTACHMENT-0196,173
B 616,ATTACHMENT-0196,173
B 617,ATTACHMENT-0196,173
B 618,ATTACHMENT-0197,174
B 619,ATTACHMENT-0197,174
B 620,ATTACHMENT-0198,175
B 621,ATTACHMENT-0198,175
B 622,ATTACHMENT-0198,175
B 623,ATTACHMENT-0198,175
B 624,ATTACHMENT-0198,175
B 625,ATTACHMENT-0199,176
B 626,ATTACHMENT-0199,176
B 627,ATTACHMENT-0199,176
B 628,ATTACHMENT-0199,176
B 629,ATTACHMENT-0200,177
B 630,ATTACHMENT-0200,177
B 631,ATTACHMENT-0201,178
B 632,ATTACHMENT-0201,178
B 633,ATTACHMENT-0202,179
B 634,ATTACHMENT-0202,179
B 635,ATTACHMENT-0202,179
B 636,ATTACHMENT-0202,179
B 637,ATTACHMENT-0202,179
B 638,ATTACHMENT-0203,180
B 639,ATTACHMENT-0203,180
B 640,ATTACHMENT-0203,180
B 641,ATTACHMENT-0204,181
B 642,ATTACHMENT-0204,181
B 643,ATTACHMENT-0204,181
B 644,ATTACHMENT-0204,181
B 645,ATTACHMENT-0205,182
B 646,ATTACHMENT-0205,182
B 647,ATTACHMENT-0205,182
B 648,ATTACHMENT-0205,182
B 649,ATTACHMENT-0205,182
B 654,ATTACHMENT-0206,184
B 655,ATTACHMENT-0206,184
B 656,ATTACHMENT-0206,184
B 657,ATTACHMENT-0206,184
B 658,ATTACHMENT-0207,185
B 659,ATTACHMENT-0207,185
B 660,ATTACHMENT-0207,185
B 661,ATTACHMENT-0207,185
B 662,ATTACHMENT-0207,185
B 663,ATTACHMENT-0208,186
B 664,ATTACHMENT-0208,186
B 665,ATTACHMENT-0209,187
B 666,ATTACHMENT-0209,187
B 667,ATTACHMENT-0209,187
B 668,ATTACHMENT-0209,187
B 669,ATTACHMENT-0210,188
B 670,ATTACHMENT-0210,188
B 671,ATTACHMENT-0210,188
B 672,ATTACHMENT-0211,189
B 673,ATTACHMENT-0211,189
B 674,ATTACHMENT-0211,189
B 675,ATTACHMENT-0212,190
B 676,ATTACHMENT-0212,190
B 677,ATTACHMENT-0212,190
B 678,ATTACHMENT-0213,191
B 679,ATTACHMENT-0213,191
B 680,ATTACHMENT-0213,191
B 681,ATTACHMENT-0213,191
B 682,ATTACHMENT-0213,191
B 683,ATTACHMENT-0214,192
B 684,ATTACHMENT-0214,192
B 685,ATTACHMENT-0214,192
B 686,ATTACHMENT-0215,193
B 687,ATTACHMENT-0215,193
B 687,ATTACHMENT-0216,194
B 688,ATTACHMENT-0216,194
B 689,ATTACHMENT-0216,194
B 690,ATTACHMENT-0216,194
B 691,ATTACHMENT-0216,194
B 692,ATTACHMENT-0216,194
B 693,ATTACHMENT-0217,195
B 694,ATTACHMENT-0217,195
B 695,ATTACHMENT-0217,195
B 696,ATTACHMENT-0217,195
B 697,ATTACHMENT-0217,195
B 698,ATTACHMENT-0218,196
B 699,ATTACHMENT-0218,196
B 700,ATTACHMENT-0218,196
B 701,ATTACHMENT-0218,196
B 702,ATTACHMENT-0219,197
B 703,ATTACHMENT-0219,197
B 704,ATTACHMENT-0219,197
B 705,ATTACHMENT-0219,197
B 706,ATTACHMENT-0220,198
B 707,ATTACHMENT-0220,198
B 708,ATTACHMENT-0220,198
B 709,ATTACHMENT-0221,199
B 710,ATTACHMENT-0221,199
B 711,ATTACHMENT-0221,199
B 712,ATTACHMENT-0221,199
B 713,ATTACHMENT-0222,200
B 714,ATTACHMENT-0222,200
B 715,ATTACHMENT-0222,200
B 720,ATTACHMENT-0223,202
B 721,ATTACHMENT-0224,203
B 722,ATTACHMENT-0226,205
B 727,ATTACHMENT-0228,207
B 728,ATTACHMENT-0228,207
B 729,ATTACHMENT-0228,207
B 730,ATTACHMENT-0229,208
B 731,ATTACHMENT-0229,208
B 732,ATTACHMENT-0229,208
B 733,ATTACHMENT-0229,208
B 734,ATTACHMENT-0230,209
B 735,ATTACHMENT-0230,209
B 736,ATTACHMENT-0230,209
B 737,ATTACHMENT-0230,209
B 738,ATTACHMENT-0231,210
B 739,ATTACHMENT-0231,210
B 740,ATTACHMENT-0231,210
B 741,ATTACHMENT-0231,210
B 742,ATTACHMENT-0231,210
B 743,ATTACHMENT-0232,211
B 744,ATTACHMENT-0232,211
B 745,ATTACHMENT-0232,211
B 746,ATTACHMENT-0232,211
B 747,ATTACHMENT-0232,211
B 748,ATTACHMENT-0233,212
B 749,ATTACHMENT-0233,212
B 750,ATTACHMENT-0233,212
B 751,ATTACHMENT-0233,212
B 752,ATTACHMENT-0233,212
B 753,ATTACHMENT-0234,213
B 754,ATTACHMENT-0234,213
B 755,ATTACHMENT-0234,213
B 756,ATTACHMENT-0235,214
B 757,ATTACHMENT-0235,214
B 758,ATTACHMENT-0235,214
B 759,ATTACHMENT-0235,214
B 760,ATTACHMENT-0236,215
B 761,ATTACHMENT-0236,215
B 762,ATTACHMENT-0236,215
B 763,ATTACHMENT-0237,216
B 764,ATTACHMENT-0237,216
B 765,ATTACHMENT-0237,216
B 766,ATTACHMENT-0237,216
B 767,ATTACHMENT-0238,217
B 768,ATTACHMENT-0238,217
B 769,ATTACHMENT-0238,217
B 770,ATTACHMENT-0238,217
B 771,ATTACHMENT-0239,218
B 772,ATTACHMENT-0239,218
B 773,ATTACHMENT-0239,218
B 774,ATTACHMENT-0239,218
B 775,ATTACHMENT-0240,219
B 776,ATTACHMENT-0240,219
B 777,ATTACHMENT-0240,219
B 778,ATTACHMENT-0241,220
B 779,ATTACHMENT-0241,220
B 780,ATTACHMENT-0242,221
B 781,ATTACHMENT-0242,221
B 782,ATTACHMENT-0242,221
B 783,ATTACHMENT-0243,222
B 784,ATTACHMENT-0243,222
B 785,ATTACHMENT-0244,223
B 786,ATTACHMENT-0244,223
B 787,ATTACHMENT-0244,223
B 788,ATTACHMENT-0244,223
B 789,ATTACHMENT-0245,224
B 790,ATTACHMENT-0245,224
B 791,ATTACHMENT-0245,224
B 792,ATTACHMENT-0245,224
B 793,ATTACHMENT-0245,224
B 794,ATTACHMENT-0246,225
B 795,ATTACHMENT-0246,225
B 796,ATTACHMENT-0246,225
B 797,ATTACHMENT-0246,225
B 798,ATTACHMENT-0247,226
B 799,ATTACHMENT-0247,226
B 800,ATTACHMENT-0247,226
B 801,ATTACHMENT-0247,226
B 802,ATTACHMENT-0248,227
B 803,ATTACHMENT-0248,227
B 804,ATTACHMENT-0248,227
B 805,ATTACHMENT-0248,227
B 806,ATTACHMENT-0249,228
B 807,ATTACHMENT-0249,228
B 808,ATTACHMENT-0250,229
B 809,ATTACHMENT-0250,229
B 810,ATTACHMENT-0250,229
B 811,ATTACHMENT-0251,230
B 812,ATTACHMENT-0251,230
B 813,ATTACHMENT-0251,230
B 814,ATTACHMENT-0252,231
B 815,ATTACHMENT-0252,231
B 816,ATTACHMENT-0252,231
B 817,ATTACHMENT-0253,232
B 818,ATTACHMENT-0253,232
B 819,ATTACHMENT-0253,232
B 820,ATTACHMENT-0253,232
B 821,ATTACHMENT-0254,233
B 822,ATTACHMENT-0254,233
B 823,ATTACHMENT-0254,233
B 824,ATTACHMENT-0254,233
B 825,ATTACHMENT-0255,234
B 826,ATTACHMENT-0255,234
B 827,ATTACHMENT-0255,234
B 828,ATTACHMENT-0256,235
B 829,ATTACHMENT-0256,235
B 830,ATTACHMENT-0256,235
B 831,ATTACHMENT-0256,235
B 832,ATTACHMENT-0257,236
B 833,ATTACHMENT-0257,236
B 834,ATTACHMENT-0258,237
B 835,ATTACHMENT-0258,237
B 836,ATTACHMENT-0258,237
B 837,ATTACHMENT-0258,237
B 838,ATTACHMENT-0258,237
B 839,ATTACHMENT-0259,238
B 840,ATTACHMENT-0259,238
B 841,ATTACHMENT-0259,238
B 842,ATTACHMENT-0260,239
B 843,ATTACHMENT-0260,239
B 844,ATTACHMENT-0261,240
B 845,ATTACHMENT-0261,240
B 846,ATTACHMENT-0261,240
B 847,ATTACHMENT-0261,240
B 848,ATTACHMENT-0262,241
B 849,ATTACHMENT-0262,241
B 850,ATTACHMENT-0262,241
B 851,ATTACHMENT-0262,241
B 852,ATTACHMENT-0263,242
B 853,ATTACHMENT-0263,242
B 854,ATTACHMENT-0263,242
B 855,ATTACHMENT-0263,242
B 856,ATTACHMENT-0264,243
B 857,ATTACHMENT-0264,243
B 858,ATTACHMENT-0264,243
B 859,ATTACHMENT-0265,244
B 860,ATTACHMENT-0265,244
B 861,ATTACHMENT-0265,244
B 862,ATTACHMENT-0265,244
B 863,ATTACHMENT-0265,244
B 864,ATTACHMENT-0266,245
B 865,ATTACHMENT-0266,245
B 866,ATTACHMENT-0266,245
B 867,ATTACHMENT-0266,245
B 868,ATTACHMENT-0267,246
B 869,ATTACHMENT-0267,246
B 870,ATTACHMENT-0267,246
B 871,ATTACHMENT-0267,246
B 872,ATTACHMENT-0267,246
B 873,ATTACHMENT-0268,247
B 874,ATTACHMENT-0268,247
B 875,ATTACHMENT-0268,247
B 876,ATTACHMENT-0268,247
B 877,ATTACHMENT-0268,247
B 878,ATTACHMENT-0269,248
B 879,ATTACHMENT-0269,248
B 880,ATTACHMENT-0269,248
B 881,ATTACHMENT-0269,248
B 882,ATTACHMENT-0270,249
B 883,ATTACHMENT-0270,249
B 884,ATTACHMENT-0270,249
B 885,ATTACHMENT-0271,250
B 886,ATTACHMENT-0271,250
B 887,ATTACHMENT-0271,250
B 888,ATTACHMENT-0271,250
B 889,ATTACHMENT-0272,251
B 890,ATTACHMENT-0272,251
B 891,ATTACHMENT-0272,251
B 892,ATTACHMENT-0272,251
B 893,ATTACHMENT-0273,252
B 894,ATTACHMENT-0273,252
B 895,ATTACHMENT-0273,252
B 896,ATTACHMENT-0274,253
B 897,ATTACHMENT-0274,253
B 898,ATTACHMENT-0274,253
B 899,ATTACHMENT-0274,253
B 900,ATTACHMENT-0275,254
B 901,ATTACHMENT-0275,254
B 902,ATTACHMENT-0275,254
B 903,ATTACHMENT-0275,254
B 904,ATTACHMENT-0276,255
B 905,ATTACHMENT-0276,255
B 906,ATTACHMENT-0276,255
B 907,ATTACHMENT-0276,255
B 908,ATTACHMENT-0277,256
B 909,ATTACHMENT-0277,256
B 910,ATTACHMENT-0277,256
B 911,ATTACHMENT-0277,256
B 912,ATTACHMENT-0277,256
B 913,ATTACHMENT-0278,257
B 914,ATTACHMENT-0278,257
B 915,ATTACHMENT-0278,257
B 916,ATTACHMENT-0279,258
B 917,ATTACHMENT-0279,258
B 918,ATTACHMENT-0279,258
B 919,ATTACHMENT-0279,258
B 920,ATTACHMENT-0280,259
B 921,ATTACHMENT-0280,259
B 922,ATTACHMENT-0280,259
B 923,ATTACHMENT-0280,259
B 924,ATTACHMENT-0281,260
B 925,ATTACHMENT-0281,260
B 926,ATTACHMENT-0281,260
B 927,ATTACHMENT-0281,260
B 928,ATTACHMENT-0281,260
B 929,ATTACHMENT-0282,261
B 930,ATTACHMENT-0282,261
B 931,ATTACHMENT-0282,261
B 932,ATTACHMENT-0283,262
B 933,ATTACHMENT-0283,262
B 934,ATTACHMENT-0283,262
B 935,ATTACHMENT-0283,262
B 935,ATTACHMENT-0284,263
B 936,ATTACHMENT-0285,264
B 937,ATTACHMENT-0285,264
B 938,ATTACHMENT-0285,264
B 939,ATTACHMENT-0285,264
B 940,ATTACHMENT-0285,264
B 941,ATTACHMENT-0285,264
B 942,ATTACHMENT-0285,264
B 943,ATTACHMENT-0285,264
B 944,ATTACHMENT-0286,265
B 945,ATTACHMENT-0286,265
B 946,ATTACHMENT-0286,265
B 947,ATTACHMENT-0286,265
B 948,ATTACHMENT-0286,265
B 949,ATTACHMENT-0286,265
B 950,ATTACHMENT-0286,265
B 951,ATTACHMENT-0287,266
B 952,ATTACHMENT-0287,266
B 953,ATTACHMENT-0287,266
B 954,ATTACHMENT-0287,266
B 955,ATTACHMENT-0288,267
B 956,ATTACHMENT-0288,267
B 957,ATTACHMENT-0288,267
B 958,ATTACHMENT-0288,267
B 959,ATTACHMENT-0289,268
B 960,ATTACHMENT-0289,268
B 961,ATTACHMENT-0289,268
B 962,ATTACHMENT-0289,268
B 963,ATTACHMENT-0290,269
B 964,ATTACHMENT-0290,269
B 965,ATTACHMENT-0290,269
B 966,ATTACHMENT-0290,269
B 967,ATTACHMENT-0290,269
B 968,ATTACHMENT-0291,270
B 969,ATTACHMENT-0291,270
B 970,ATTACHMENT-0291,270
B 971,ATTACHMENT-0292,271
B 972,ATTACHMENT-0292,271
B 973,ATTACHMENT-0292,271
B 974,ATTACHMENT-0292,271
B 975,ATTACHMENT-0292,271
B 976,ATTACHMENT-0293,272
B 977,ATTACHMENT-0293,272
B 978,ATTACHMENT-0293,272
B 979,ATTACHMENT-0293,272
B 980,ATTACHMENT-0293,272
B 981,ATTACHMENT-0294,273
B 982,ATTACHMENT-0294,273
B 983,ATTACHMENT-0294,273
B 984,ATTACHMENT-0294,273
B 989,ATTACHMENT-0295,275
B 990,ATTACHMENT-0295,275
B 991,ATTACHMENT-0295,275
B 992,ATTACHMENT-0295,275
B 993,ATTACHMENT-0295,275
B 994,ATTACHMENT-0295,275
B 995,ATTACHMENT-0296,276
B 996,ATTACHMENT-0296,276
B 997,ATTACHMENT-0296,276
B 998,ATTACHMENT-0296,276
B 999,ATTACHMENT-0296,276
B 1000,ATTACHMENT-0297,277
B 1001,ATTACHMENT-0297,277
B 1002,ATTACHMENT-0298,278
B 1003,ATTACHMENT-0298,278
B 1004,ATTACHMENT-0298,278
B 1005,ATTACHMENT-0298,278
B 1006,ATTACHMENT-0298,278
B 1007,ATTACHMENT-0299,279
B 1008,ATTACHMENT-0299,279
B 1009,ATTACHMENT-0299,279
B 1010,ATTACHMENT-0299,279
B 1011,ATTACHMENT-0299,279
B 1012,ATTACHMENT-0300,280
B 1013,ATTACHMENT-0300,280
B 1014,ATTACHMENT-0300,280
B 1015,ATTACHMENT-0300,280
B 1016,ATTACHMENT-0301,281
B 1017,ATTACHMENT-0301,281
B 1018,ATTACHMENT-0301,281
B 1019,ATTACHMENT-0301,281
B 1020,ATTACHMENT-0301,281
B 1021,ATTACHMENT-0301,281
B 1022,ATTACHMENT-0301,281
B 1023,ATTACHMENT-0302,282
B 1024,ATTACHMENT-0302,282
B 1025,ATTACHMENT-0302,282
B 1026,ATTACHMENT-0302,282
B 1027,ATTACHMENT-0302,282
B 1028,ATTACHMENT-0303,283
B 1029,ATTACHMENT-0303,283
B 1030,ATTACHMENT-0303,283
B 1031,ATTACHMENT-0303,283
B 1032,ATTACHMENT-0303,283
B 1033,ATTACHMENT-0304,284
B 1034,ATTACHMENT-0304,284
B 1035,ATTACHMENT-0304,284
B 1036,ATTACHMENT-0304,284
B 1037,ATTACHMENT-0304,284
B 1038,ATTACHMENT-0305,285
B 1039,ATTACHMENT-0305,285
B 1040,ATTACHMENT-0305,285
B 1041,ATTACHMENT-0305,285
B 1042,ATTACHMENT-0305,285
B 1043,ATTACHMENT-0305,285
B 1044,ATTACHMENT-0306,286
B 1045,ATTACHMENT-0306,286
B 1046,ATTACHMENT-0306,286
B 1047,ATTACHMENT-0306,286
B 1048,ATTACHMENT-0306,286
B 1049,ATTACHMENT-0307,287
B 1050,ATTACHMENT-0307,287
B 1051,ATTACHMENT-0307,287
B 1052,ATTACHMENT-0307,287
B 1053,ATTACHMENT-0307,287
B 1054,ATTACHMENT-0308,288
B 1055,ATTACHMENT-0308,288
B 1056,ATTACHMENT-0308,288
B 1057,ATTACHMENT-0309,289
B 1058,ATTACHMENT-0309,289
B 1059,ATTACHMENT-0309,289
B 1060,ATTACHMENT-0309,289
B 1061,ATTACHMENT-0310,290
B 1062,ATTACHMENT-0310,290
B 1063,ATTACHMENT-0310,290
B 1064,ATTACHMENT-0311,291
B 1065,ATTACHMENT-0311,291
B 1066,ATTACHMENT-0311,291
B 1067,ATTACHMENT-0312,292
B 1068,ATTACHMENT-0312,292
B 1069,ATTACHMENT-0312,292
B 1070,ATTACHMENT-0364,293
B 1071,ATTACHMENT-0364,293
B 1072,ATTACHMENT-0364,293
B 1073,ATTACHMENT-0364,293
B 1074,ATTACHMENT-0313,294
B 1075,ATTACHMENT-0313,294
B 1076,ATTACHMENT-0313,294
B 1077,ATTACHMENT-0313,294
B 1078,ATTACHMENT-0314,295
B 1079,ATTACHMENT-0314,295
B 1080,ATTACHMENT-0314,295
B 1081,ATTACHMENT-0315,296
B 1082,ATTACHMENT-0315,296
B 1083,ATTACHMENT-0316,297
B 1084,ATTACHMENT-0316,297
B 1085,ATTACHMENT-0317,298
B 1086,ATTACHMENT-0317,298
B 1087,ATTACHMENT-0317,298
B 1088,ATTACHMENT-0318,299
B 1089,ATTACHMENT-0318,299
B 1090,ATTACHMENT-0318,299
B 1091,ATTACHMENT-0318,299
B 1092,ATTACHMENT-0319,300
B 1093,ATTACHMENT-0319,300
B 1094,ATTACHMENT-0319,300
B 1095,ATTACHMENT-0319,300
B 1096,ATTACHMENT-0320,301
B 1097,ATTACHMENT-0320,301
B 1098,ATTACHMENT-0320,301
B 1099,ATTACHMENT-0321,302
B 1100,ATTACHMENT-0321,302
B 1101,ATTACHMENT-0321,302
B 1102,ATTACHMENT-0322,303
B 1103,ATTACHMENT-0322,303
B 1104,ATTACHMENT-0322,303
B 1105,ATTACHMENT-0322,303
B 1106,ATTACHMENT-0322,303
B 1107,ATTACHMENT-0323,304
B 1108,ATTACHMENT-0323,304
B 1109,ATTACHMENT-0323,304
B 1110,ATTACHMENT-0323,304
B 1111,ATTACHMENT-0323,304
B 1112,ATTACHMENT-0324,305
B 1113,ATTACHMENT-0324,305
B 1117,ATTACHMENT-0325,307
B 1118,ATTACHMENT-0325,307
B 1119,ATTACHMENT-0325,307
B 1120,ATTACHMENT-0326,308
B 1121,ATTACHMENT-0326,308
B 1122,ATTACHMENT-0326,308
B 1123,ATTACHMENT-0327,309
B 1124,ATTACHMENT-0327,309
B 1125,ATTACHMENT-0327,309
B 1126,ATTACHMENT-0327,309
B 1127,ATTACHMENT-0328,310
B 1128,ATTACHMENT-0328,310
B 1129,ATTACHMENT-0328,310
B 1130,ATTACHMENT-0329,311
B 1131,ATTACHMENT-0329,311
B 1132,ATTACHMENT-0329,311
B 1133,ATTACHMENT-0329,311
B 1134,ATTACHMENT-0330,312
B 1135,ATTACHMENT-0330,312
B 1136,ATTACHMENT-0330,312
B 1137,ATTACHMENT-0331,313
B 1138,ATTACHMENT-0331,313
B 1139,ATTACHMENT-0332,314
B 1140,ATTACHMENT-0332,314
B 1141,ATTACHMENT-0332,314
B 1142,ATTACHMENT-0332,314
B 1143,ATTACHMENT-0333,315
B 1144,ATTACHMENT-0333,315
B 1145,ATTACHMENT-0333,315
B 1146,ATTACHMENT-0333,315
B 1147,ATTACHMENT-0333,315
B 1148,ATTACHMENT-0333,315
B 1149,ATTACHMENT-0334,316
B 1150,ATTACHMENT-0334,316
B 1151,ATTACHMENT-0334,316
B 1152,ATTACHMENT-0335,317
B 1153,ATTACHMENT-0335,317
B 1154,ATTACHMENT-0335,317
B 1155,ATTACHMENT-0335,317
